SPRAT ID,Scientific Name,Common Name,URL,Percentage of the species modelled likely and known distribution within fire affected areas,Type,EPBC Act listed Threatened Status,EPBC Act listed Migratory Status,Range states and territories
55562,Acacia awestoniana,Stirling Range Wattle,http://www.environment.gov.au/cgi-bin/sprat/public/publicspecies.pl?taxon_id=55562,≥80%,Plant,Vulnerable,,WA
10798,Acacia constablei,Narrabarba Wattle,http://www.environment.gov.au/cgi-bin/sprat/public/publicspecies.pl?taxon_id=10798,≥80%,Plant,Vulnerable,,NSW
16916,Andersonia axilliflora,Giant Andersonia,http://www.environment.gov.au/cgi-bin/sprat/public/publicspecies.pl?taxon_id=16916,≥80%,Plant,Endangered,,WA
64838,Baeckea kandos,a shrub,http://www.environment.gov.au/cgi-bin/sprat/public/publicspecies.pl?taxon_id=64838,≥80%,Plant,Endangered,,NSW
89125,Bertmainius colonus,Eastern Stirling Range Pygmy Trapdoor Spider,http://www.environment.gov.au/cgi-bin/sprat/public/publicspecies.pl?taxon_id=89125,≥80%,Spider,Vulnerable,,WA
55850,Budawangia gnidioides,Budawangs Cliff-heath,http://www.environment.gov.au/cgi-bin/sprat/public/publicspecies.pl?taxon_id=55850,≥80%,Plant,Vulnerable,,NSW
56501,Callistemon forresterae,Forrester's Bottlebrush,http://www.environment.gov.au/cgi-bin/sprat/public/publicspecies.pl?taxon_id=56501,≥80%,Plant,Vulnerable,,"NSW, Vic"
64862,Callistemon kenmorrisonii,Betka Bottlebrush,http://www.environment.gov.au/cgi-bin/sprat/public/publicspecies.pl?taxon_id=64862,≥80%,Plant,Vulnerable,,Vic
15694,Darwinia squarrosa,"Fringed Mountain Bell, Pink Mountain Bell",http://www.environment.gov.au/cgi-bin/sprat/public/publicspecies.pl?taxon_id=15694,≥80%,Plant,Vulnerable,,WA
76351,Eidothea hardeniana,Nightcap Oak,http://www.environment.gov.au/cgi-bin/sprat/public/publicspecies.pl?taxon_id=76351,≥80%,Plant,Critically Endangered,,NSW
12623,Eucalyptus imlayensis,"Imlay Mallee, Mount Imlay Mallee",http://www.environment.gov.au/cgi-bin/sprat/public/publicspecies.pl?taxon_id=12623,≥80%,Plant,Endangered,,NSW
64898,Eucalyptus pachycalyx subsp. banyabba,Banyabba Shiny-barked Gum,http://www.environment.gov.au/cgi-bin/sprat/public/publicspecies.pl?taxon_id=64898,≥80%,Plant,Endangered,,NSW
82281,Eucalyptus sp. Howes Swamp Creek (M.Doherty 26),,http://www.environment.gov.au/cgi-bin/sprat/public/publicspecies.pl?taxon_id=82281,≥80%,Plant,Endangered,,NSW
78406,Gastrolobium vestitum,,http://www.environment.gov.au/cgi-bin/sprat/public/publicspecies.pl?taxon_id=78406,≥80%,Plant,Critically Endangered,,WA
68379,Genoplesium vernale,East Lynne Midge-orchid,http://www.environment.gov.au/cgi-bin/sprat/public/publicspecies.pl?taxon_id=68379,≥80%,Plant,Vulnerable,,NSW
15882,Gentiana bredboensis,Bredbo Gentian,http://www.environment.gov.au/cgi-bin/sprat/public/publicspecies.pl?taxon_id=15882,≥80%,Plant,Critically Endangered,,NSW
10786,Gentiana wissmannii,New England Gentian,http://www.environment.gov.au/cgi-bin/sprat/public/publicspecies.pl?taxon_id=10786,≥80%,Plant,Vulnerable,,NSW
22248,Grevillea evansiana,,http://www.environment.gov.au/cgi-bin/sprat/public/publicspecies.pl?taxon_id=22248,≥80%,Plant,Vulnerable,,NSW
64524,Grevillea mollis,,http://www.environment.gov.au/cgi-bin/sprat/public/publicspecies.pl?taxon_id=64524,≥80%,Plant,Endangered,,NSW
22052,Grevillea molyneuxii,,http://www.environment.gov.au/cgi-bin/sprat/public/publicspecies.pl?taxon_id=22052,≥80%,Plant,Endangered,,NSW
64678,Grevillea rhizomatosa,,http://www.environment.gov.au/cgi-bin/sprat/public/publicspecies.pl?taxon_id=64678,≥80%,Plant,Vulnerable,,NSW
66701,Hakea dohertyi,a shrub,http://www.environment.gov.au/cgi-bin/sprat/public/publicspecies.pl?taxon_id=66701,≥80%,Plant,Endangered,,NSW
21970,Hibbertia marginata,,http://www.environment.gov.au/cgi-bin/sprat/public/publicspecies.pl?taxon_id=21970,≥80%,Plant,Vulnerable,,NSW
89455,Hibbertia sp. Toolbrunup (J.R.Wheeler 2504),,http://www.environment.gov.au/cgi-bin/sprat/public/publicspecies.pl?taxon_id=89455,≥80%,Plant,Critically Endangered,,WA
19980,Isopogon fletcheri,Fletcher's Drumsticks,http://www.environment.gov.au/cgi-bin/sprat/public/publicspecies.pl?taxon_id=19980,≥80%,Plant,Vulnerable,,NSW
85004,Latrobea colophona,,http://www.environment.gov.au/cgi-bin/sprat/public/publicspecies.pl?taxon_id=85004,≥80%,Plant,Critically Endangered,,WA
64927,Leionema sympetalum,Rylstone Bell,http://www.environment.gov.au/cgi-bin/sprat/public/publicspecies.pl?taxon_id=64927,≥80%,Plant,Vulnerable,,NSW
21806,Leptospermum thompsonii,Monga Tea-tree,http://www.environment.gov.au/cgi-bin/sprat/public/publicspecies.pl?taxon_id=21806,≥80%,Plant,Vulnerable,,NSW
13105,Logania insularis,,http://www.environment.gov.au/cgi-bin/sprat/public/publicspecies.pl?taxon_id=13105,≥80%,Plant,Vulnerable,,SA
64935,Nematolepis frondosa,Leafy Nematolepis,http://www.environment.gov.au/cgi-bin/sprat/public/publicspecies.pl?taxon_id=64935,≥80%,Plant,Vulnerable,,Vic
64936,Nematolepis rhytidophylla,,http://www.environment.gov.au/cgi-bin/sprat/public/publicspecies.pl?taxon_id=64936,≥80%,Plant,Vulnerable,,NSW
6710,Olearia cordata,,http://www.environment.gov.au/cgi-bin/sprat/public/publicspecies.pl?taxon_id=6710,≥80%,Plant,Vulnerable,,NSW
19832,Plinthanthesis rodwayi,Budawangs Wallaby-grass,http://www.environment.gov.au/cgi-bin/sprat/public/publicspecies.pl?taxon_id=19832,≥80%,Plant,Vulnerable,,NSW
21870,Pomaderris gilmourii var. cana,Grey Deua Pomaderris,http://www.environment.gov.au/cgi-bin/sprat/public/publicspecies.pl?taxon_id=21870,≥80%,Plant,Vulnerable,,NSW
84276,Prasophyllum bagoense,Bago Leek-orchid,http://www.environment.gov.au/cgi-bin/sprat/public/publicspecies.pl?taxon_id=84276,≥80%,Plant,Critically Endangered,,NSW
83603,Prasophyllum innubum,Brandy Marys Leek-orchid,http://www.environment.gov.au/cgi-bin/sprat/public/publicspecies.pl?taxon_id=83603,≥80%,Plant,Critically Endangered,,NSW
83604,Prasophyllum keltonii,Kelton's Leek-orchid,http://www.environment.gov.au/cgi-bin/sprat/public/publicspecies.pl?taxon_id=83604,≥80%,Plant,Critically Endangered,,NSW
66703,Prostanthera palustris,Swamp Mint-bush,http://www.environment.gov.au/cgi-bin/sprat/public/publicspecies.pl?taxon_id=66703,≥80%,Plant,Vulnerable,,NSW
20898,Prostanthera staurophylla,a mint-bush,http://www.environment.gov.au/cgi-bin/sprat/public/publicspecies.pl?taxon_id=20898,≥80%,Plant,Vulnerable,,NSW
13130,Pultenaea baeuerlenii,Budawangs Bush-pea,http://www.environment.gov.au/cgi-bin/sprat/public/publicspecies.pl?taxon_id=13130,≥80%,Plant,Vulnerable,,NSW
56699,Pultenaea parrisiae,,http://www.environment.gov.au/cgi-bin/sprat/public/publicspecies.pl?taxon_id=56699,≥80%,Plant,Vulnerable,,"NSW, Vic"
87634,Sminthopsis griseoventer aitkeni  (listed as Sminthopsis aitkeni),Kangaroo Island Dunnart,http://www.environment.gov.au/cgi-bin/sprat/public/publicspecies.pl?taxon_id=87634,≥80%,Mammal,Endangered,,SA
56017,Styphelia perileuca,,http://www.environment.gov.au/cgi-bin/sprat/public/publicspecies.pl?taxon_id=56017,≥80%,Plant,Vulnerable,,NSW
9367,Trachymene scapigera,Mountain Trachymene,http://www.environment.gov.au/cgi-bin/sprat/public/publicspecies.pl?taxon_id=9367,≥80%,Plant,Endangered,,NSW
64543,Triplarina imbricata,,http://www.environment.gov.au/cgi-bin/sprat/public/publicspecies.pl?taxon_id=64543,≥80%,Plant,Endangered,,NSW
17190,Velleia perfoliata,,http://www.environment.gov.au/cgi-bin/sprat/public/publicspecies.pl?taxon_id=17190,≥80%,Plant,Vulnerable,,NSW
16458,Westringia cremnophila,Snowy River Westringia,http://www.environment.gov.au/cgi-bin/sprat/public/publicspecies.pl?taxon_id=16458,≥80%,Plant,Vulnerable,,Vic
56732,Zieria covenyi,Coveny's Zieria,http://www.environment.gov.au/cgi-bin/sprat/public/publicspecies.pl?taxon_id=56732,≥80%,Plant,Endangered,,NSW
64546,Zieria floydii,,http://www.environment.gov.au/cgi-bin/sprat/public/publicspecies.pl?taxon_id=64546,≥80%,Plant,Endangered,,NSW
3134,Acacia flocktoniae,Flockton Wattle,http://www.environment.gov.au/cgi-bin/sprat/public/publicspecies.pl?taxon_id=3134,50 to <80%,Plant,Vulnerable,,NSW
9848,Acacia georgensis,Bega Wattle,http://www.environment.gov.au/cgi-bin/sprat/public/publicspecies.pl?taxon_id=9848,50 to <80%,Plant,Vulnerable,,NSW
5031,Acacia gordonii,,http://www.environment.gov.au/cgi-bin/sprat/public/publicspecies.pl?taxon_id=5031,50 to <80%,Plant,Endangered,,NSW
2784,Acacia phasmoides,Phantom Wattle,http://www.environment.gov.au/cgi-bin/sprat/public/publicspecies.pl?taxon_id=2784,50 to <80%,Plant,Vulnerable,,"NSW, Vic"
7559,Acacia ruppii,Rupp's Wattle,http://www.environment.gov.au/cgi-bin/sprat/public/publicspecies.pl?taxon_id=7559,50 to <80%,Plant,Endangered,,"NSW, Qld"
21924,Allocasuarina defungens,Dwarf Heath Casuarina,http://www.environment.gov.au/cgi-bin/sprat/public/publicspecies.pl?taxon_id=21924,50 to <80%,Plant,Endangered,,NSW
21935,Allocasuarina simulans,Nabiac Casuarina,http://www.environment.gov.au/cgi-bin/sprat/public/publicspecies.pl?taxon_id=21935,50 to <80%,Plant,Vulnerable,,NSW
56308,Almaleea cambagei,Torrington Pea,http://www.environment.gov.au/cgi-bin/sprat/public/publicspecies.pl?taxon_id=56308,50 to <80%,Plant,Vulnerable,,NSW
655,Atrichornis rufescens,Rufous Scrub-bird,http://www.environment.gov.au/cgi-bin/sprat/public/publicspecies.pl?taxon_id=655,50 to <80%,Bird,Endangered,,"NSW, Qld"
68511,Baloskion longipes,Dense Cord-rush,http://www.environment.gov.au/cgi-bin/sprat/public/publicspecies.pl?taxon_id=68511,50 to <80%,Plant,Vulnerable,,NSW
82696,Banksia montana,Stirling Range Dryandra,http://www.environment.gov.au/cgi-bin/sprat/public/publicspecies.pl?taxon_id=82696,50 to <80%,Plant,Endangered,,WA
78349,Bertya ernestiana,a shrub,http://www.environment.gov.au/cgi-bin/sprat/public/publicspecies.pl?taxon_id=78349,50 to <80%,Plant,Vulnerable,,Qld
8397,Boronia deanei,Deane's Boronia,http://www.environment.gov.au/cgi-bin/sprat/public/publicspecies.pl?taxon_id=8397,50 to <80%,Plant,Vulnerable,,NSW
64436,Calyptorhynchus lathami halmaturinus,"Glossy Black-Cockatoo (Kangaroo Island), Glossy Black-Cockatoo (South Australian)",http://www.environment.gov.au/cgi-bin/sprat/public/publicspecies.pl?taxon_id=64436,50 to <80%,Bird,Endangered,,SA
3125,Cheiranthera volubilis,Twining Finger Flower,http://www.environment.gov.au/cgi-bin/sprat/public/publicspecies.pl?taxon_id=3125,50 to <80%,Plant,Vulnerable,,SA
9174,Coopernookia scabridiuscula,,http://www.environment.gov.au/cgi-bin/sprat/public/publicspecies.pl?taxon_id=9174,50 to <80%,Plant,Vulnerable,,Qld
17007,Correa baeuerlenii,Chef's Cap,http://www.environment.gov.au/cgi-bin/sprat/public/publicspecies.pl?taxon_id=17007,50 to <80%,Plant,Vulnerable,,NSW
66626,Correa lawrenceana var. genoensis,Genoa River Correa,http://www.environment.gov.au/cgi-bin/sprat/public/publicspecies.pl?taxon_id=66626,50 to <80%,Plant,Endangered,,"NSW, Vic"
82945,Corunastylis littoralis,Tuncurry Midge Orchid,http://www.environment.gov.au/cgi-bin/sprat/public/publicspecies.pl?taxon_id=82945,50 to <80%,Plant,Critically Endangered,,NSW
6494,Corybas montanus,Small Helmet-orchid,http://www.environment.gov.au/cgi-bin/sprat/public/publicspecies.pl?taxon_id=6494,50 to <80%,Plant,Vulnerable,,Qld
17296,Darwinia collina,Yellow Mountain Bell,http://www.environment.gov.au/cgi-bin/sprat/public/publicspecies.pl?taxon_id=17296,50 to <80%,Plant,Endangered,,WA
83191,Darwinia nubigena,"Success Bell, Red Mountain Bell",http://www.environment.gov.au/cgi-bin/sprat/public/publicspecies.pl?taxon_id=83191,50 to <80%,Plant,Vulnerable,,WA
20644,Deyeuxia drummondii,"Drummond's Grass, Drummond Grass",http://www.environment.gov.au/cgi-bin/sprat/public/publicspecies.pl?taxon_id=20644,50 to <80%,Plant,Endangered,,WA
88275,Diuris eborensis,,http://www.environment.gov.au/cgi-bin/sprat/public/publicspecies.pl?taxon_id=88275,50 to <80%,Plant,Endangered,,NSW
8700,Epacris hamiltonii,,http://www.environment.gov.au/cgi-bin/sprat/public/publicspecies.pl?taxon_id=8700,50 to <80%,Plant,Endangered,,NSW
56224,Eucalyptus langleyi,Albatross Mallee,http://www.environment.gov.au/cgi-bin/sprat/public/publicspecies.pl?taxon_id=56224,50 to <80%,Plant,Vulnerable,,NSW
59199,Eulamprus leuraensis,Blue Mountains Water Skink,http://www.environment.gov.au/cgi-bin/sprat/public/publicspecies.pl?taxon_id=59199,50 to <80%,Reptile,Endangered,,NSW
78405,Gastrolobium luteifolium,Yellow-leafed Gastrolobium,http://www.environment.gov.au/cgi-bin/sprat/public/publicspecies.pl?taxon_id=78405,50 to <80%,Plant,Critically Endangered,,WA
64677,Grevillea banyabba,,http://www.environment.gov.au/cgi-bin/sprat/public/publicspecies.pl?taxon_id=64677,50 to <80%,Plant,Vulnerable,,NSW
22002,Grevillea beadleana,Beadle's Grevillea,http://www.environment.gov.au/cgi-bin/sprat/public/publicspecies.pl?taxon_id=22002,50 to <80%,Plant,Endangered,,NSW
64521,Grevillea guthrieana,,http://www.environment.gov.au/cgi-bin/sprat/public/publicspecies.pl?taxon_id=64521,50 to <80%,Plant,Endangered,,NSW
64651,Grevillea quadricauda,,http://www.environment.gov.au/cgi-bin/sprat/public/publicspecies.pl?taxon_id=64651,50 to <80%,Plant,Vulnerable,,"NSW, Qld"
66702,Hakea archaeoides,,http://www.environment.gov.au/cgi-bin/sprat/public/publicspecies.pl?taxon_id=66702,50 to <80%,Plant,Vulnerable,,NSW
16839,Haloragis exalata subsp. velutina,Tall Velvet Sea-berry,http://www.environment.gov.au/cgi-bin/sprat/public/publicspecies.pl?taxon_id=16839,50 to <80%,Plant,Vulnerable,,"NSW, Qld"
6480,Haloragodendron lucasii,Hal,http://www.environment.gov.au/cgi-bin/sprat/public/publicspecies.pl?taxon_id=6480,50 to <80%,Plant,Endangered,,NSW
1182,Hoplocephalus bungaroides,Broad-headed Snake,http://www.environment.gov.au/cgi-bin/sprat/public/publicspecies.pl?taxon_id=1182,50 to <80%,Reptile,Vulnerable,,NSW
4881,Lambertia fairallii,Fairall's Honeysuckle,http://www.environment.gov.au/cgi-bin/sprat/public/publicspecies.pl?taxon_id=4881,50 to <80%,Plant,Endangered,,WA
20311,Lasiopetalum joyceae,,http://www.environment.gov.au/cgi-bin/sprat/public/publicspecies.pl?taxon_id=20311,50 to <80%,Plant,Vulnerable,,NSW
14417,Leucopogon confertus,Torrington Beard-heath,http://www.environment.gov.au/cgi-bin/sprat/public/publicspecies.pl?taxon_id=14417,50 to <80%,Plant,Endangered,,NSW
21609,Leucopogon gnaphalioides,Stirling Range Beard Heath,http://www.environment.gov.au/cgi-bin/sprat/public/publicspecies.pl?taxon_id=21609,50 to <80%,Plant,Endangered,,WA
64733,Litoria littlejohni,"Littlejohn's Tree Frog, Heath Frog",http://www.environment.gov.au/cgi-bin/sprat/public/publicspecies.pl?taxon_id=64733,50 to <80%,Frog,Vulnerable,,"NSW, Vic"
26170,Maccullochella ikei,"Clarence River Cod, Eastern Freshwater Cod",http://www.environment.gov.au/cgi-bin/sprat/public/publicspecies.pl?taxon_id=26170,50 to <80%,Fish,Endangered,,NSW
86881,Melichrus sp. Gibberagee (Benwell 97239),Narrow-leaf Melichrus,http://www.environment.gov.au/cgi-bin/sprat/public/publicspecies.pl?taxon_id=86881,50 to <80%,Plant,Endangered,,NSW
82048,Melichrus sp. Newfoundland State Forest (P.Gilmour 7852),Hairy Melichrus,http://www.environment.gov.au/cgi-bin/sprat/public/publicspecies.pl?taxon_id=82048,50 to <80%,Plant,Endangered,,NSW
1942,Mixophyes balbus,"Stuttering Frog, Southern Barred Frog (in Victoria)",http://www.environment.gov.au/cgi-bin/sprat/public/publicspecies.pl?taxon_id=1942,50 to <80%,Frog,Vulnerable,,"NSW, Vic"
64937,Nematolepis squamea subsp. coriacea,Harsh Nematolepis,http://www.environment.gov.au/cgi-bin/sprat/public/publicspecies.pl?taxon_id=64937,50 to <80%,Plant,Vulnerable,,Vic
2083,Olearia flocktoniae,Dorrigo Daisy-bush,http://www.environment.gov.au/cgi-bin/sprat/public/publicspecies.pl?taxon_id=2083,50 to <80%,Plant,Endangered,,NSW
7232,Persoonia acerosa,Needle Geebung,http://www.environment.gov.au/cgi-bin/sprat/public/publicspecies.pl?taxon_id=7232,50 to <80%,Plant,Vulnerable,,NSW
16845,Pomaderris brunnea,Rufous Pomaderris,http://www.environment.gov.au/cgi-bin/sprat/public/publicspecies.pl?taxon_id=16845,50 to <80%,Plant,Vulnerable,,"NSW, Vic"
9597,Pomaderris sericea,Bent Pomaderris,http://www.environment.gov.au/cgi-bin/sprat/public/publicspecies.pl?taxon_id=9597,50 to <80%,Plant,Vulnerable,,"NSW, Vic"
217,Potorous longipes,Long-footed Potoroo,http://www.environment.gov.au/cgi-bin/sprat/public/publicspecies.pl?taxon_id=217,50 to <80%,Mammal,Endangered,,"NSW, Vic"
19455,Prasophyllum fuscum,"Tawny Leek-orchid, Slaty Leek-orchid",http://www.environment.gov.au/cgi-bin/sprat/public/publicspecies.pl?taxon_id=19455,50 to <80%,Plant,Vulnerable,,NSW
13804,Prasophyllum morganii,"Mignonette Leek-orchid, Cobungra Leek-orchid, Dense Leek-orchid",http://www.environment.gov.au/cgi-bin/sprat/public/publicspecies.pl?taxon_id=13804,50 to <80%,Plant,Vulnerable,,Vic
86868,Pseudococcus markharveyi,Banksia montana mealybug,http://www.environment.gov.au/cgi-bin/sprat/public/publicspecies.pl?taxon_id=86868,50 to <80%,Insect,Critically Endangered,,WA
98,Pseudomys oralis,"Hastings River Mouse, Koontoo",http://www.environment.gov.au/cgi-bin/sprat/public/publicspecies.pl?taxon_id=98,50 to <80%,Mammal,Endangered,,"NSW, Qld"
78990,Pultenaea elusa,Elusive Bush-pea,http://www.environment.gov.au/cgi-bin/sprat/public/publicspecies.pl?taxon_id=78990,50 to <80%,Plant,Endangered,,NSW
11887,Pultenaea glabra,"Smooth Bush-pea, Swamp Bush-pea",http://www.environment.gov.au/cgi-bin/sprat/public/publicspecies.pl?taxon_id=11887,50 to <80%,Plant,Vulnerable,,NSW
10271,Pultenaea villifera var. glabrescens,"Yellow Bush-pea, Splendid Bush-pea",http://www.environment.gov.au/cgi-bin/sprat/public/publicspecies.pl?taxon_id=10271,50 to <80%,Plant,Vulnerable,,SA
87597,Tachyglossus aculeatus multiaculeatus,Kangaroo Island Echidna,http://www.environment.gov.au/cgi-bin/sprat/public/publicspecies.pl?taxon_id=87597,50 to <80%,Mammal,Endangered,,SA
64544,Triplarina nowraensis,Nowra Heath-myrtle,http://www.environment.gov.au/cgi-bin/sprat/public/publicspecies.pl?taxon_id=64544,50 to <80%,Plant,Endangered,,NSW
20503,Tylophora woollsii,,http://www.environment.gov.au/cgi-bin/sprat/public/publicspecies.pl?taxon_id=20503,50 to <80%,Plant,Endangered,,"NSW, Qld"
64545,Wollemia nobilis,Wollemi Pine,http://www.environment.gov.au/cgi-bin/sprat/public/publicspecies.pl?taxon_id=64545,50 to <80%,Plant,Critically Endangered,,NSW
64547,Zieria lasiocaulis,Willi Willi Zieria,http://www.environment.gov.au/cgi-bin/sprat/public/publicspecies.pl?taxon_id=64547,50 to <80%,Plant,Endangered,,NSW
4634,Zieria murphyi,Velvet Zieria,http://www.environment.gov.au/cgi-bin/sprat/public/publicspecies.pl?taxon_id=4634,50 to <80%,Plant,Vulnerable,,NSW
67121,Zoothera lunulata halmaturina,Bassian Thrush (South Australian),http://www.environment.gov.au/cgi-bin/sprat/public/publicspecies.pl?taxon_id=67121,50 to <80%,Bird,Vulnerable,,SA
10711,Acacia macnuttiana,McNutt's Wattle,http://www.environment.gov.au/cgi-bin/sprat/public/publicspecies.pl?taxon_id=10711,30 to <50%,Plant,Vulnerable,,NSW
55608,Acacia meiantha,,http://www.environment.gov.au/cgi-bin/sprat/public/publicspecies.pl?taxon_id=55608,30 to <50%,Plant,Endangered,,NSW
3983,Acrophyllum australe,,http://www.environment.gov.au/cgi-bin/sprat/public/publicspecies.pl?taxon_id=3983,30 to <50%,Plant,Vulnerable,,NSW
56088,Angophora robur,Sandstone Rough-barked Apple,http://www.environment.gov.au/cgi-bin/sprat/public/publicspecies.pl?taxon_id=56088,30 to <50%,Plant,Vulnerable,,NSW
14004,Asperula asthenes,Trailing Woodruff,http://www.environment.gov.au/cgi-bin/sprat/public/publicspecies.pl?taxon_id=14004,30 to <50%,Plant,Vulnerable,,NSW
82758,Banksia anatona,Cactus Dryandra,http://www.environment.gov.au/cgi-bin/sprat/public/publicspecies.pl?taxon_id=82758,30 to <50%,Plant,Critically Endangered,,WA
8587,Bertya pinifolia,a shrub,http://www.environment.gov.au/cgi-bin/sprat/public/publicspecies.pl?taxon_id=8587,30 to <50%,Plant,Vulnerable,,"NSW, Qld"
18598,Boronia granitica,Granite Boronia,http://www.environment.gov.au/cgi-bin/sprat/public/publicspecies.pl?taxon_id=18598,30 to <50%,Plant,Endangered,,"NSW, Qld"
21632,Boronia keysii,Key's Boronia,http://www.environment.gov.au/cgi-bin/sprat/public/publicspecies.pl?taxon_id=21632,30 to <50%,Plant,Vulnerable,,Qld
2119,Caladenia tessellata,"Thick-lipped Spider-orchid, Daddy Long-legs",http://www.environment.gov.au/cgi-bin/sprat/public/publicspecies.pl?taxon_id=2119,30 to <50%,Plant,Vulnerable,,"NSW, Vic"
85098,Callistemon megalongensis,Megalong Valley Bottlebrush,http://www.environment.gov.au/cgi-bin/sprat/public/publicspecies.pl?taxon_id=85098,30 to <50%,Plant,Critically Endangered,,NSW
17820,Corokia whiteana,,http://www.environment.gov.au/cgi-bin/sprat/public/publicspecies.pl?taxon_id=17820,30 to <50%,Plant,Vulnerable,,NSW
7226,Correa calycina,Hindmarsh Correa,http://www.environment.gov.au/cgi-bin/sprat/public/publicspecies.pl?taxon_id=7226,30 to <50%,Plant,Vulnerable,,SA
19533,Cryptostylis hunteriana,Leafless Tongue-orchid,http://www.environment.gov.au/cgi-bin/sprat/public/publicspecies.pl?taxon_id=19533,30 to <50%,Plant,Vulnerable,,"NSW, Qld, Vic"
12533,Cynanchum elegans,White-flowered Wax Plant,http://www.environment.gov.au/cgi-bin/sprat/public/publicspecies.pl?taxon_id=12533,30 to <50%,Plant,Endangered,,NSW
13188,Darwinia oxylepis,Gillam's Bell,http://www.environment.gov.au/cgi-bin/sprat/public/publicspecies.pl?taxon_id=13188,30 to <50%,Plant,Endangered,,WA
15626,Darwinia wittwerorum,Wittwer's Mountain Bell,http://www.environment.gov.au/cgi-bin/sprat/public/publicspecies.pl?taxon_id=15626,30 to <50%,Plant,Endangered,,WA
533,Dasyornis brachypterus,Eastern Bristlebird,http://www.environment.gov.au/cgi-bin/sprat/public/publicspecies.pl?taxon_id=533,30 to <50%,Bird,Endangered,,"NSW, Qld, Vic"
17311,Daviesia obovata,Paddle-leaf Daviesia,http://www.environment.gov.au/cgi-bin/sprat/public/publicspecies.pl?taxon_id=17311,30 to <50%,Plant,Endangered,,WA
64565,Diuris ochroma,Pale Golden Moths,http://www.environment.gov.au/cgi-bin/sprat/public/publicspecies.pl?taxon_id=64565,30 to <50%,Plant,Vulnerable,,"NSW, Vic"
83093,Elaeocarpus sedentarius,Minyon Quandong,http://www.environment.gov.au/cgi-bin/sprat/public/publicspecies.pl?taxon_id=83093,30 to <50%,Plant,Endangered,,NSW
16450,Epacris sparsa,,http://www.environment.gov.au/cgi-bin/sprat/public/publicspecies.pl?taxon_id=16450,30 to <50%,Plant,Vulnerable,,NSW
24263,Eucalyptus argutifolia,"Yanchep Mallee, Wabling Hill Mallee",http://www.environment.gov.au/cgi-bin/sprat/public/publicspecies.pl?taxon_id=24263,30 to <50%,Plant,Vulnerable,,WA
56320,Eucalyptus beaniana,Bean's Ironbark,http://www.environment.gov.au/cgi-bin/sprat/public/publicspecies.pl?taxon_id=56320,30 to <50%,Plant,Vulnerable,,Qld
2821,Eucalyptus benthamii,"Camden White Gum, Nepean River Gum",http://www.environment.gov.au/cgi-bin/sprat/public/publicspecies.pl?taxon_id=2821,30 to <50%,Plant,Vulnerable,,NSW
7827,Eucalyptus macarthurii,"Camden Woollybutt, Paddys River Box",http://www.environment.gov.au/cgi-bin/sprat/public/publicspecies.pl?taxon_id=7827,30 to <50%,Plant,Endangered,,NSW
56153,Eucalyptus parvula,Small-leaved Gum,http://www.environment.gov.au/cgi-bin/sprat/public/publicspecies.pl?taxon_id=56153,30 to <50%,Plant,Vulnerable,,NSW
7490,Eucalyptus tetrapleura,Square-fruited Ironbark,http://www.environment.gov.au/cgi-bin/sprat/public/publicspecies.pl?taxon_id=7490,30 to <50%,Plant,Vulnerable,,NSW
4325,Euphrasia arguta,,http://www.environment.gov.au/cgi-bin/sprat/public/publicspecies.pl?taxon_id=4325,30 to <50%,Plant,Critically Endangered,,NSW
64907,Grevillea celata,"Colquhoun Grevillea, Nowa Nowa Grevillea",http://www.environment.gov.au/cgi-bin/sprat/public/publicspecies.pl?taxon_id=64907,30 to <50%,Plant,Vulnerable,,Vic
64523,Grevillea masonii,,http://www.environment.gov.au/cgi-bin/sprat/public/publicspecies.pl?taxon_id=64523,30 to <50%,Plant,Endangered,,NSW
24636,Haloragis exalata subsp. exalata,"Wingless Raspwort, Square Raspwort",http://www.environment.gov.au/cgi-bin/sprat/public/publicspecies.pl?taxon_id=24636,30 to <50%,Plant,Vulnerable,,"NSW, SA, Vic"
1973,Heleioporus australiacus,Giant Burrowing Frog,http://www.environment.gov.au/cgi-bin/sprat/public/publicspecies.pl?taxon_id=1973,30 to <50%,Frog,Vulnerable,,"NSW, Vic"
12974,Homoranthus darwinioides,,http://www.environment.gov.au/cgi-bin/sprat/public/publicspecies.pl?taxon_id=12974,30 to <50%,Plant,Vulnerable,,NSW
14664,Irenepharsus trypherus,"Delicate Cress, Illawarra Irene",http://www.environment.gov.au/cgi-bin/sprat/public/publicspecies.pl?taxon_id=14664,30 to <50%,Plant,Endangered,,NSW
11420,Kunzea cambagei,,http://www.environment.gov.au/cgi-bin/sprat/public/publicspecies.pl?taxon_id=11420,30 to <50%,Plant,Vulnerable,,NSW
64923,Leionema equestre,,http://www.environment.gov.au/cgi-bin/sprat/public/publicspecies.pl?taxon_id=64923,30 to <50%,Plant,Endangered,,SA
1827,Litoria piperata,Peppered Tree Frog,http://www.environment.gov.au/cgi-bin/sprat/public/publicspecies.pl?taxon_id=1827,30 to <50%,Frog,Vulnerable,,NSW
66669,Litoria verreauxii alpina,"Alpine Tree Frog, Verreaux's Alpine Tree Frog",http://www.environment.gov.au/cgi-bin/sprat/public/publicspecies.pl?taxon_id=66669,30 to <50%,Frog,Vulnerable,,"ACT, NSW, Vic"
66632,Macquaria australasica,Macquarie Perch,http://www.environment.gov.au/cgi-bin/sprat/public/publicspecies.pl?taxon_id=66632,30 to <50%,Fish,Endangered,,"ACT, NSW, Vic"
2794,Marsdenia longiloba,Clear Milkvine,http://www.environment.gov.au/cgi-bin/sprat/public/publicspecies.pl?taxon_id=2794,30 to <50%,Plant,Vulnerable,,"NSW, Qld"
12192,Medicosma elliptica,,http://www.environment.gov.au/cgi-bin/sprat/public/publicspecies.pl?taxon_id=12192,30 to <50%,Plant,Vulnerable,,Qld
1944,Mixophyes iteratus,"Giant Barred Frog, Southern Barred Frog",http://www.environment.gov.au/cgi-bin/sprat/public/publicspecies.pl?taxon_id=1944,30 to <50%,Frog,Endangered,,"NSW, Qld"
64468,Nannoperca oxleyana,Oxleyan Pygmy Perch,http://www.environment.gov.au/cgi-bin/sprat/public/publicspecies.pl?taxon_id=64468,30 to <50%,Fish,Endangered,,"NSW, Qld"
10666,Olax angulata,Minnie Waters Olax,http://www.environment.gov.au/cgi-bin/sprat/public/publicspecies.pl?taxon_id=10666,30 to <50%,Plant,Vulnerable,,NSW
5631,Olearia hygrophila,"Swamp Daisy, Water Daisy",http://www.environment.gov.au/cgi-bin/sprat/public/publicspecies.pl?taxon_id=5631,30 to <50%,Plant,Endangered,,Qld
64684,Parsonsia dorrigoensis,Milky Silkpod,http://www.environment.gov.au/cgi-bin/sprat/public/publicspecies.pl?taxon_id=64684,30 to <50%,Plant,Endangered,,NSW
12770,Persoonia glaucescens,Mittagong Geebung,http://www.environment.gov.au/cgi-bin/sprat/public/publicspecies.pl?taxon_id=12770,30 to <50%,Plant,Vulnerable,,NSW
19006,Persoonia hirsuta,"Hairy Geebung, Hairy Persoonia",http://www.environment.gov.au/cgi-bin/sprat/public/publicspecies.pl?taxon_id=19006,30 to <50%,Plant,Endangered,,NSW
10852,Persoonia marginata,Clandulla Geebung,http://www.environment.gov.au/cgi-bin/sprat/public/publicspecies.pl?taxon_id=10852,30 to <50%,Plant,Vulnerable,,NSW
64939,Persoonia micranthera,Small-flowered Snottygobble,http://www.environment.gov.au/cgi-bin/sprat/public/publicspecies.pl?taxon_id=64939,30 to <50%,Plant,Endangered,,WA
225,Petrogale penicillata,Brush-tailed Rock-wallaby,http://www.environment.gov.au/cgi-bin/sprat/public/publicspecies.pl?taxon_id=225,30 to <50%,Mammal,Vulnerable,,"NSW, Qld, Vic"
17140,Phebalium glandulosum subsp. eglandulosum,Rusty Desert Phebalium,http://www.environment.gov.au/cgi-bin/sprat/public/publicspecies.pl?taxon_id=17140,30 to <50%,Plant,Vulnerable,,"NSW, Qld"
40324,Pherosphaera fitzgeraldii,Dwarf Mountain Pine,http://www.environment.gov.au/cgi-bin/sprat/public/publicspecies.pl?taxon_id=40324,30 to <50%,Plant,Endangered,,NSW
2043,Pomaderris cotoneaster,Cotoneaster Pomaderris,http://www.environment.gov.au/cgi-bin/sprat/public/publicspecies.pl?taxon_id=2043,30 to <50%,Plant,Endangered,,"NSW, Vic"
22119,Pomaderris parrisiae,Parris' Pomaderris,http://www.environment.gov.au/cgi-bin/sprat/public/publicspecies.pl?taxon_id=22119,30 to <50%,Plant,Vulnerable,,NSW
66645,Potorous tridactylus tridactylus,Long-nosed Potoroo (SE Mainland),http://www.environment.gov.au/cgi-bin/sprat/public/publicspecies.pl?taxon_id=66645,30 to <50%,Mammal,Vulnerable,,"NSW, Qld, SA, Tas, Vic"
68496,Prostanthera cryptandroides subsp. cryptandroides,Wollemi Mint-bush,http://www.environment.gov.au/cgi-bin/sprat/public/publicspecies.pl?taxon_id=68496,30 to <50%,Plant,Vulnerable,,NSW
17616,Prostanthera stricta,Mount Vincent Mintbush,http://www.environment.gov.au/cgi-bin/sprat/public/publicspecies.pl?taxon_id=17616,30 to <50%,Plant,Vulnerable,,NSW
96,Pseudomys novaehollandiae,"New Holland Mouse, Pookila",http://www.environment.gov.au/cgi-bin/sprat/public/publicspecies.pl?taxon_id=96,30 to <50%,Mammal,Vulnerable,,"NSW, Qld, Tas, Vic"
22903,Pterostylis oreophila,"Blue-tongued Orchid, Kiandra Greenhood",http://www.environment.gov.au/cgi-bin/sprat/public/publicspecies.pl?taxon_id=22903,30 to <50%,Plant,Critically Endangered,,"ACT, NSW, Vic"
3787,Ptilotus beckerianus,Ironstone Mulla Mulla,http://www.environment.gov.au/cgi-bin/sprat/public/publicspecies.pl?taxon_id=3787,30 to <50%,Plant,Vulnerable,,SA
11768,Rhizanthella slateri,Eastern Underground Orchid,http://www.environment.gov.au/cgi-bin/sprat/public/publicspecies.pl?taxon_id=11768,30 to <50%,Plant,Endangered,,"NSW, Qld"
13132,Rutidosis heterogama,Heath Wrinklewort,http://www.environment.gov.au/cgi-bin/sprat/public/publicspecies.pl?taxon_id=13132,30 to <50%,Plant,Vulnerable,,NSW
21490,Rutidosis leiolepis,Monaro Golden Daisy,http://www.environment.gov.au/cgi-bin/sprat/public/publicspecies.pl?taxon_id=21490,30 to <50%,Plant,Vulnerable,,NSW
19131,Sarcochilus fitzgeraldii,Ravine Orchid,http://www.environment.gov.au/cgi-bin/sprat/public/publicspecies.pl?taxon_id=19131,30 to <50%,Plant,Vulnerable,,"NSW, Qld"
4124,Sarcochilus hartmannii,"Waxy Sarcochilus, Blue Knob Orchid",http://www.environment.gov.au/cgi-bin/sprat/public/publicspecies.pl?taxon_id=4124,30 to <50%,Plant,Vulnerable,,"NSW, Qld"
87381,Solanum sulphureum,,http://www.environment.gov.au/cgi-bin/sprat/public/publicspecies.pl?taxon_id=87381,30 to <50%,Plant,Endangered,,NSW
87805,Trioza barrettae,Banksia brownii plant louse,http://www.environment.gov.au/cgi-bin/sprat/public/publicspecies.pl?taxon_id=87805,30 to <50%,Insect,Endangered,,WA
8830,Uromyrtus australis,Peach Myrtle,http://www.environment.gov.au/cgi-bin/sprat/public/publicspecies.pl?taxon_id=8830,30 to <50%,Plant,Endangered,,NSW
82836,Veronica derwentiana subsp. homalodonta,Mount Lofty Speedwell,http://www.environment.gov.au/cgi-bin/sprat/public/publicspecies.pl?taxon_id=82836,30 to <50%,Plant,Critically Endangered,,SA
24342,Verticordia carinata,Stirling Range Featherflower,http://www.environment.gov.au/cgi-bin/sprat/public/publicspecies.pl?taxon_id=24342,30 to <50%,Plant,Vulnerable,,WA
86072,Wollumbinia georgesi,"Georges' Snapping Turtle, Bellinger River Snapping Turtle, Georges Helmeted Turtle",http://www.environment.gov.au/cgi-bin/sprat/public/publicspecies.pl?taxon_id=86072,30 to <50%,Reptile,Critically Endangered,,NSW
64983,Xyris exilis,Stirling Range Xyris,http://www.environment.gov.au/cgi-bin/sprat/public/publicspecies.pl?taxon_id=64983,30 to <50%,Plant,Vulnerable,,WA
56731,Zieria citriodora,Lemon-scented Zieria,http://www.environment.gov.au/cgi-bin/sprat/public/publicspecies.pl?taxon_id=56731,30 to <50%,Plant,Vulnerable,,"NSW, Vic"
3087,Zieria involucrata,,http://www.environment.gov.au/cgi-bin/sprat/public/publicspecies.pl?taxon_id=3087,30 to <50%,Plant,Vulnerable,,NSW
56736,Zieria tuberculata,Warty Zieria,http://www.environment.gov.au/cgi-bin/sprat/public/publicspecies.pl?taxon_id=56736,30 to <50%,Plant,Vulnerable,,NSW
8575,Acacia bynoeana,"Bynoe's Wattle, Tiny Wattle",http://www.environment.gov.au/cgi-bin/sprat/public/publicspecies.pl?taxon_id=8575,10 to <30%,Plant,Vulnerable,,NSW
21883,Acacia caerulescens,"Limestone Blue Wattle, Buchan Blue, Buchan Blue Wattle",http://www.environment.gov.au/cgi-bin/sprat/public/publicspecies.pl?taxon_id=21883,10 to <30%,Plant,Vulnerable,,Vic
14928,Acacia handonis,"Hando's Wattle, Percy Grant Wattle",http://www.environment.gov.au/cgi-bin/sprat/public/publicspecies.pl?taxon_id=14928,10 to <30%,Plant,Vulnerable,,Qld
18800,Acacia pubescens,"Downy Wattle, Hairy Stemmed Wattle",http://www.environment.gov.au/cgi-bin/sprat/public/publicspecies.pl?taxon_id=18800,10 to <30%,Plant,Vulnerable,,NSW
19799,Acacia pubifolia,Velvet Wattle,http://www.environment.gov.au/cgi-bin/sprat/public/publicspecies.pl?taxon_id=19799,10 to <30%,Plant,Vulnerable,,"NSW, Qld"
13415,Acacia pycnostachya,Bolivia Wattle,http://www.environment.gov.au/cgi-bin/sprat/public/publicspecies.pl?taxon_id=13415,10 to <30%,Plant,Vulnerable,,"NSW, Qld"
8582,Acronychia littoralis,Scented Acronychia,http://www.environment.gov.au/cgi-bin/sprat/public/publicspecies.pl?taxon_id=8582,10 to <30%,Plant,Endangered,,"NSW, Qld"
21926,Allocasuarina emuina,"Emu Mountain Sheoak, Mt Emu She-oak",http://www.environment.gov.au/cgi-bin/sprat/public/publicspecies.pl?taxon_id=21926,10 to <30%,Plant,Endangered,,Qld
21927,Allocasuarina thalassoscopica,,http://www.environment.gov.au/cgi-bin/sprat/public/publicspecies.pl?taxon_id=21927,10 to <30%,Plant,Endangered,,"NSW, Qld"
81879,Amyema plicatula,,http://www.environment.gov.au/cgi-bin/sprat/public/publicspecies.pl?taxon_id=81879,10 to <30%,Plant,Endangered,,NSW
82338,Anthochaera phrygia,Regent Honeyeater,http://www.environment.gov.au/cgi-bin/sprat/public/publicspecies.pl?taxon_id=82338,10 to <30%,Bird,Critically Endangered,,"ACT, NSW, Qld, SA, Vic"
13451,Archidendron lovelliae,"Bacon Wood, Tulip Siris",http://www.environment.gov.au/cgi-bin/sprat/public/publicspecies.pl?taxon_id=13451,10 to <30%,Plant,Vulnerable,,Qld
9338,Arthraxon hispidus,Hairy-joint Grass,http://www.environment.gov.au/cgi-bin/sprat/public/publicspecies.pl?taxon_id=9338,10 to <30%,Plant,Vulnerable,,"NSW, Qld"
56780,Asterolasia elegans,,http://www.environment.gov.au/cgi-bin/sprat/public/publicspecies.pl?taxon_id=56780,10 to <30%,Plant,Endangered,,NSW
3599,Asterolasia phebalioides,Downy Star-bush,http://www.environment.gov.au/cgi-bin/sprat/public/publicspecies.pl?taxon_id=3599,10 to <30%,Plant,Vulnerable,,"SA, Vic"
10352,Astrotricha crassifolia,Thick-leaf Star-hair,http://www.environment.gov.au/cgi-bin/sprat/public/publicspecies.pl?taxon_id=10352,10 to <30%,Plant,Vulnerable,,NSW
8277,Banksia brownii,"Brown's Banksia, Feather-leaved Banksia",http://www.environment.gov.au/cgi-bin/sprat/public/publicspecies.pl?taxon_id=8277,10 to <30%,Plant,Endangered,,WA
13792,Bertya opponens,,http://www.environment.gov.au/cgi-bin/sprat/public/publicspecies.pl?taxon_id=13792,10 to <30%,Plant,Vulnerable,,"NSW, Qld"
78925,Boronia hippopala,Velvet Boronia,http://www.environment.gov.au/cgi-bin/sprat/public/publicspecies.pl?taxon_id=78925,10 to <30%,Plant,Vulnerable,,Tas
21315,Boronia repanda,"Repand Boronia, Border Boronia",http://www.environment.gov.au/cgi-bin/sprat/public/publicspecies.pl?taxon_id=21315,10 to <30%,Plant,Endangered,,"NSW, Qld"
9167,Boronia revoluta,Ironcap Boronia,http://www.environment.gov.au/cgi-bin/sprat/public/publicspecies.pl?taxon_id=9167,10 to <30%,Plant,Endangered,,WA
56301,Boronia umbellata,Orara Boronia,http://www.environment.gov.au/cgi-bin/sprat/public/publicspecies.pl?taxon_id=56301,10 to <30%,Plant,Vulnerable,,NSW
10059,Bossiaea oligosperma,,http://www.environment.gov.au/cgi-bin/sprat/public/publicspecies.pl?taxon_id=10059,10 to <30%,Plant,Vulnerable,,NSW
15961,Bothriochloa bunyensis,Satin-top Grass,http://www.environment.gov.au/cgi-bin/sprat/public/publicspecies.pl?taxon_id=15961,10 to <30%,Plant,Vulnerable,,Qld
267,Burramys parvus,Mountain Pygmy-possum,http://www.environment.gov.au/cgi-bin/sprat/public/publicspecies.pl?taxon_id=267,10 to <30%,Mammal,Endangered,,"NSW, Vic"
54991,Caladenia argocalla,White-beauty Spider-orchid,http://www.environment.gov.au/cgi-bin/sprat/public/publicspecies.pl?taxon_id=54991,10 to <30%,Plant,Endangered,,SA
3957,Caladenia ovata,Kangaroo Island Spider-orchid,http://www.environment.gov.au/cgi-bin/sprat/public/publicspecies.pl?taxon_id=3957,10 to <30%,Plant,Vulnerable,,SA
55581,Callistemon pungens,,http://www.environment.gov.au/cgi-bin/sprat/public/publicspecies.pl?taxon_id=55581,10 to <30%,Plant,Vulnerable,,"NSW, Qld"
88226,Callistemon purpurascens,a bottlebrush,http://www.environment.gov.au/cgi-bin/sprat/public/publicspecies.pl?taxon_id=88226,10 to <30%,Plant,Critically Endangered,,NSW
66687,Callitris oblonga,"Pygmy Cypress-pine, Pigmy Cypress-pine, Dwarf Cypress-pine",http://www.environment.gov.au/cgi-bin/sprat/public/publicspecies.pl?taxon_id=66687,10 to <30%,Plant,Vulnerable,,"NSW, Tas"
7842,Calotis glandulosa,Mauve Burr-daisy,http://www.environment.gov.au/cgi-bin/sprat/public/publicspecies.pl?taxon_id=7842,10 to <30%,Plant,Vulnerable,,"ACT, NSW"
81640,Cassinia tegulata,Avenue Cassinia,http://www.environment.gov.au/cgi-bin/sprat/public/publicspecies.pl?taxon_id=81640,10 to <30%,Plant,Critically Endangered,,SA
183,Chalinolobus dwyeri,"Large-eared Pied Bat, Large Pied Bat",http://www.environment.gov.au/cgi-bin/sprat/public/publicspecies.pl?taxon_id=183,10 to <30%,Mammal,Vulnerable,,"NSW, Qld"
67099,Cinclosoma punctatum anachoreta,"Mt Lofty Ranges Spotted Quail-thrush, Spotted Quail-thrush (Mt Lofty Ranges)",http://www.environment.gov.au/cgi-bin/sprat/public/publicspecies.pl?taxon_id=67099,10 to <30%,Bird,Critically Endangered,,SA
4311,Clematis fawcettii,Stream Clematis,http://www.environment.gov.au/cgi-bin/sprat/public/publicspecies.pl?taxon_id=4311,10 to <30%,Plant,Vulnerable,,"NSW, Qld"
59628,Coeranoscincus reticulatus  (listed as Saiphos reticulatus),Three-toed Snake-tooth Skink,http://www.environment.gov.au/cgi-bin/sprat/public/publicspecies.pl?taxon_id=59628,10 to <30%,Reptile,Vulnerable,,"NSW, Qld"
86263,Corunastylis sp. Charmhaven (NSW 896673),Wyong Midge Orchid 2,http://www.environment.gov.au/cgi-bin/sprat/public/publicspecies.pl?taxon_id=86263,10 to <30%,Plant,Critically Endangered,,NSW
11976,Cryptocarya foetida,"Stinking Cryptocarya, Stinking Laurel",http://www.environment.gov.au/cgi-bin/sprat/public/publicspecies.pl?taxon_id=11976,10 to <30%,Plant,Vulnerable,,"NSW, Qld"
64721,Cyclodomorphus praealtus,Alpine She-oak Skink,http://www.environment.gov.au/cgi-bin/sprat/public/publicspecies.pl?taxon_id=64721,10 to <30%,Reptile,Endangered,,"NSW, Vic"
59714,Cyclopsitta diophthalma coxeni,Coxen's Fig-Parrot,http://www.environment.gov.au/cgi-bin/sprat/public/publicspecies.pl?taxon_id=59714,10 to <30%,Bird,Endangered,,"NSW, Qld"
75184,Dasyurus maculatus maculatus (SE mainland population),"Spot-tailed Quoll, Spotted-tail Quoll, Tiger Quoll (southeastern mainland population)",http://www.environment.gov.au/cgi-bin/sprat/public/publicspecies.pl?taxon_id=75184,10 to <30%,Mammal,Endangered,,"ACT, NSW, Qld, SA, Vic"
3567,Daviesia discolor,,http://www.environment.gov.au/cgi-bin/sprat/public/publicspecies.pl?taxon_id=3567,10 to <30%,Plant,Vulnerable,,Qld
65037,Daviesia glossosema,Maroon-flowered Daviesia,http://www.environment.gov.au/cgi-bin/sprat/public/publicspecies.pl?taxon_id=65037,10 to <30%,Plant,Critically Endangered,,WA
56747,Daviesia pseudaphylla,Stirling Range Daviesia,http://www.environment.gov.au/cgi-bin/sprat/public/publicspecies.pl?taxon_id=56747,10 to <30%,Plant,Endangered,,WA
24421,Deyeuxia pungens,Narrow-leaf Bent-grass,http://www.environment.gov.au/cgi-bin/sprat/public/publicspecies.pl?taxon_id=24421,10 to <30%,Plant,Vulnerable,,Vic
21588,Diuris aequalis,Buttercup Doubletail,http://www.environment.gov.au/cgi-bin/sprat/public/publicspecies.pl?taxon_id=21588,10 to <30%,Plant,Vulnerable,,NSW
18325,Diuris pedunculata,"Small Snake Orchid, Two-leaved Golden Moths, Golden Moths, Cowslip Orchid, Snake Orchid",http://www.environment.gov.au/cgi-bin/sprat/public/publicspecies.pl?taxon_id=18325,10 to <30%,Plant,Endangered,,"ACT, NSW"
6425,Diuris venosa,"Veined Doubletail, Goat Orchid, Veined Donkey-orchid",http://www.environment.gov.au/cgi-bin/sprat/public/publicspecies.pl?taxon_id=6425,10 to <30%,Plant,Vulnerable,,NSW
56778,Drakaea confluens,Late Hammer-orchid,http://www.environment.gov.au/cgi-bin/sprat/public/publicspecies.pl?taxon_id=56778,10 to <30%,Plant,Endangered,,WA
64570,Eremophila denticulata subsp. trisulcata,Cumquat Eremophila,http://www.environment.gov.au/cgi-bin/sprat/public/publicspecies.pl?taxon_id=64570,10 to <30%,Plant,Endangered,,WA
20890,Eucalyptus aggregata,Black Gum,http://www.environment.gov.au/cgi-bin/sprat/public/publicspecies.pl?taxon_id=20890,10 to <30%,Plant,Vulnerable,,"NSW, Vic"
56193,Eucalyptus caleyi subsp. ovendenii,Ovenden's Ironbark,http://www.environment.gov.au/cgi-bin/sprat/public/publicspecies.pl?taxon_id=56193,10 to <30%,Plant,Vulnerable,,NSW
56225,Eucalyptus copulans,,http://www.environment.gov.au/cgi-bin/sprat/public/publicspecies.pl?taxon_id=56225,10 to <30%,Plant,Endangered,,NSW
5670,Eucalyptus glaucina,Slaty Red Gum,http://www.environment.gov.au/cgi-bin/sprat/public/publicspecies.pl?taxon_id=5670,10 to <30%,Plant,Vulnerable,,NSW
19330,Eucalyptus kartzoffiana,Araluen Gum,http://www.environment.gov.au/cgi-bin/sprat/public/publicspecies.pl?taxon_id=19330,10 to <30%,Plant,Vulnerable,,NSW
20992,Eucalyptus nicholii,"Narrow-leaved Peppermint, Narrow-leaved Black Peppermint",http://www.environment.gov.au/cgi-bin/sprat/public/publicspecies.pl?taxon_id=20992,10 to <30%,Plant,Vulnerable,,NSW
64618,Eucalyptus rubida subsp. barbigerorum,Blackbutt Candlebark,http://www.environment.gov.au/cgi-bin/sprat/public/publicspecies.pl?taxon_id=64618,10 to <30%,Plant,Vulnerable,,NSW
9640,Eucalyptus scoparia,Wallangarra White Gum,http://www.environment.gov.au/cgi-bin/sprat/public/publicspecies.pl?taxon_id=9640,10 to <30%,Plant,Vulnerable,,"NSW, Qld"
4425,Euphrasia bella,"Lamington Eyebright, Mt. Merino Eyebright",http://www.environment.gov.au/cgi-bin/sprat/public/publicspecies.pl?taxon_id=4425,10 to <30%,Plant,Vulnerable,,"NSW, Qld"
21521,Euphrasia bowdeniae,,http://www.environment.gov.au/cgi-bin/sprat/public/publicspecies.pl?taxon_id=21521,10 to <30%,Plant,Vulnerable,,NSW
24037,Fontainea australis,Southern Fontainea,http://www.environment.gov.au/cgi-bin/sprat/public/publicspecies.pl?taxon_id=24037,10 to <30%,Plant,Vulnerable,,"NSW, Qld"
18033,Gentiana wingecarribiensis,Wingecarribee Gentian,http://www.environment.gov.au/cgi-bin/sprat/public/publicspecies.pl?taxon_id=18033,10 to <30%,Plant,Endangered,,NSW
86880,Gingidia rupicola,"Mountain Angelica, Broad-leafed Carrot",http://www.environment.gov.au/cgi-bin/sprat/public/publicspecies.pl?taxon_id=86880,10 to <30%,Plant,Endangered,,NSW
21872,Grevillea acanthifolia subsp. paludosa,Bog Grevillea,http://www.environment.gov.au/cgi-bin/sprat/public/publicspecies.pl?taxon_id=21872,10 to <30%,Plant,Endangered,,NSW
16859,Grevillea floripendula,"Drooping Grevillea, Ben Major Grevillea",http://www.environment.gov.au/cgi-bin/sprat/public/publicspecies.pl?taxon_id=16859,10 to <30%,Plant,Vulnerable,,Vic
23811,Grevillea obtusiflora,Grey Grevillea,http://www.environment.gov.au/cgi-bin/sprat/public/publicspecies.pl?taxon_id=23811,10 to <30%,Plant,Endangered,,NSW
4243,Grevillea scortechinii subsp. scortechinii,Black Grevillea,http://www.environment.gov.au/cgi-bin/sprat/public/publicspecies.pl?taxon_id=4243,10 to <30%,Plant,Vulnerable,,"NSW, Qld"
16093,Hakea fraseri,"Gnarled Corkbark, Fraser's Hakea",http://www.environment.gov.au/cgi-bin/sprat/public/publicspecies.pl?taxon_id=16093,10 to <30%,Plant,Vulnerable,,NSW
682,Hirundapus caudacutus,White-throated Needletail,http://www.environment.gov.au/cgi-bin/sprat/public/publicspecies.pl?taxon_id=682,10 to <30%,Bird,Vulnerable,Listed,"ACT, NSW, Qld, SA, Tas, Vic"
55186,Homoranthus decumbens,a shrub,http://www.environment.gov.au/cgi-bin/sprat/public/publicspecies.pl?taxon_id=55186,10 to <30%,Plant,Endangered,,Qld
55189,Homoranthus lunatus,,http://www.environment.gov.au/cgi-bin/sprat/public/publicspecies.pl?taxon_id=55189,10 to <30%,Plant,Vulnerable,,NSW
55198,Homoranthus prolixus,,http://www.environment.gov.au/cgi-bin/sprat/public/publicspecies.pl?taxon_id=55198,10 to <30%,Plant,Vulnerable,,NSW
68050,Isoodon obesulus obesulus,"Southern Brown Bandicoot (eastern), Southern Brown Bandicoot (south-eastern)",http://www.environment.gov.au/cgi-bin/sprat/public/publicspecies.pl?taxon_id=68050,10 to <30%,Mammal,Endangered,,"NSW, SA, Vic"
744,Lathamus discolor,Swift Parrot,http://www.environment.gov.au/cgi-bin/sprat/public/publicspecies.pl?taxon_id=744,10 to <30%,Bird,Critically Endangered,,"ACT, NSW, Qld, SA, Tas, Vic"
64924,Leionema lachnaeoides,,http://www.environment.gov.au/cgi-bin/sprat/public/publicspecies.pl?taxon_id=64924,10 to <30%,Plant,Endangered,,NSW
64926,Leionema ralstonii,,http://www.environment.gov.au/cgi-bin/sprat/public/publicspecies.pl?taxon_id=64926,10 to <30%,Plant,Vulnerable,,NSW
14035,Lepidium peregrinum,Wandering Pepper-cress,http://www.environment.gov.au/cgi-bin/sprat/public/publicspecies.pl?taxon_id=14035,10 to <30%,Plant,Endangered,,"NSW, Qld"
1870,Litoria aurea,Green and Golden Bell Frog,http://www.environment.gov.au/cgi-bin/sprat/public/publicspecies.pl?taxon_id=1870,10 to <30%,Frog,Vulnerable,,"NSW, Vic"
1844,Litoria booroolongensis,Booroolong Frog,http://www.environment.gov.au/cgi-bin/sprat/public/publicspecies.pl?taxon_id=1844,10 to <30%,Frog,Endangered,,"ACT, NSW, Vic"
1821,Litoria olongburensis,Wallum Sedge Frog,http://www.environment.gov.au/cgi-bin/sprat/public/publicspecies.pl?taxon_id=1821,10 to <30%,Frog,Vulnerable,,"NSW, Qld"
25959,Litoria spenceri,Spotted Tree Frog,http://www.environment.gov.au/cgi-bin/sprat/public/publicspecies.pl?taxon_id=25959,10 to <30%,Frog,Endangered,,"NSW, Vic"
49983,Lobelia gelida,,http://www.environment.gov.au/cgi-bin/sprat/public/publicspecies.pl?taxon_id=49983,10 to <30%,Plant,Vulnerable,,Vic
55597,Macadamia jansenii,"Bulberin Nut, Bulburin Nut Tree",http://www.environment.gov.au/cgi-bin/sprat/public/publicspecies.pl?taxon_id=55597,10 to <30%,Plant,Endangered,,Qld
6581,Macadamia tetraphylla,"Rough-shelled Bush Nut, Macadamia Nut, Rough-shelled Macadamia, Rough-leaved Queensland Nut",http://www.environment.gov.au/cgi-bin/sprat/public/publicspecies.pl?taxon_id=6581,10 to <30%,Plant,Vulnerable,,"NSW, Qld"
55406,Macrozamia lomandroides,cycad,http://www.environment.gov.au/cgi-bin/sprat/public/publicspecies.pl?taxon_id=55406,10 to <30%,Plant,Endangered,,Qld
3412,Macrozamia platyrhachis,cycad,http://www.environment.gov.au/cgi-bin/sprat/public/publicspecies.pl?taxon_id=3412,10 to <30%,Plant,Endangered,,Qld
87617,Mastacomys fuscus mordicus,"Broad-toothed Rat (mainland), Tooarrana",http://www.environment.gov.au/cgi-bin/sprat/public/publicspecies.pl?taxon_id=87617,10 to <30%,Mammal,Vulnerable,,"ACT, NSW, Vic"
5583,Melaleuca biconvexa,Biconvex Paperbark,http://www.environment.gov.au/cgi-bin/sprat/public/publicspecies.pl?taxon_id=5583,10 to <30%,Plant,Vulnerable,,NSW
5818,Melaleuca deanei,Deane's Melaleuca,http://www.environment.gov.au/cgi-bin/sprat/public/publicspecies.pl?taxon_id=5818,10 to <30%,Plant,Vulnerable,,NSW
64530,Microtis angusii,Angus's Onion Orchid,http://www.environment.gov.au/cgi-bin/sprat/public/publicspecies.pl?taxon_id=64530,10 to <30%,Plant,Endangered,,NSW
25960,Mixophyes fleayi,Fleay's Frog,http://www.environment.gov.au/cgi-bin/sprat/public/publicspecies.pl?taxon_id=25960,10 to <30%,Frog,Endangered,,"NSW, Qld"
609,Monarcha melanopsis,Black-faced Monarch,http://www.environment.gov.au/cgi-bin/sprat/public/publicspecies.pl?taxon_id=609,10 to <30%,Bird,,Listed,"NSW, Qld, Vic"
612,Myiagra cyanoleuca,Satin Flycatcher,http://www.environment.gov.au/cgi-bin/sprat/public/publicspecies.pl?taxon_id=612,10 to <30%,Bird,,Listed,"ACT, NSW, Qld, SA, Tas, Vic"
59550,Nangura spinosa,Nangur Spiny Skink,http://www.environment.gov.au/cgi-bin/sprat/public/publicspecies.pl?taxon_id=59550,10 to <30%,Reptile,Critically Endangered,,Qld
6404,Neoastelia spectabilis,,http://www.environment.gov.au/cgi-bin/sprat/public/publicspecies.pl?taxon_id=6404,10 to <30%,Plant,Vulnerable,,NSW
81858,Notelaea ipsviciensis,Cooneana Olive,http://www.environment.gov.au/cgi-bin/sprat/public/publicspecies.pl?taxon_id=81858,10 to <30%,Plant,Critically Endangered,,Qld
21881,Olearia astroloba,Marble Daisy-bush,http://www.environment.gov.au/cgi-bin/sprat/public/publicspecies.pl?taxon_id=21881,10 to <30%,Plant,Vulnerable,,Vic
21465,Olearia microdisca,Small-flowered Daisy-bush,http://www.environment.gov.au/cgi-bin/sprat/public/publicspecies.pl?taxon_id=21465,10 to <30%,Plant,Endangered,,SA
56207,Ozothamnus vagans,Wollumbin Dogwood,http://www.environment.gov.au/cgi-bin/sprat/public/publicspecies.pl?taxon_id=56207,10 to <30%,Plant,Vulnerable,,"NSW, Qld"
26335,Paralucia spinifera,"Bathurst Copper Butterfly, Purple Copper Butterfly, Bathurst Copper, Bathurst Copper Wing, Bathurst-Lithgow Copper, Purple Copper",http://www.environment.gov.au/cgi-bin/sprat/public/publicspecies.pl?taxon_id=26335,10 to <30%,Insect,Vulnerable,,NSW
10838,Paspalidium grandispiculatum,a grass,http://www.environment.gov.au/cgi-bin/sprat/public/publicspecies.pl?taxon_id=10838,10 to <30%,Plant,Vulnerable,,"NSW, Qld"
5831,Persicaria elatior,"Knotweed, Tall Knotweed",http://www.environment.gov.au/cgi-bin/sprat/public/publicspecies.pl?taxon_id=5831,10 to <30%,Plant,Vulnerable,,"NSW, Qld"
56267,Persoonia bargoensis,Bargo Geebung,http://www.environment.gov.au/cgi-bin/sprat/public/publicspecies.pl?taxon_id=56267,10 to <30%,Plant,Vulnerable,,NSW
254,Petauroides volans,Greater Glider,http://www.environment.gov.au/cgi-bin/sprat/public/publicspecies.pl?taxon_id=254,10 to <30%,Mammal,Vulnerable,,"ACT, NSW, Qld, Vic"
5872,Phaius australis,Lesser Swamp-orchid,http://www.environment.gov.au/cgi-bin/sprat/public/publicspecies.pl?taxon_id=5872,10 to <30%,Plant,Endangered,,"NSW, Qld"
85104,"Phascolarctos cinereus (combined populations of Qld, NSW and the ACT)",Koala,http://www.environment.gov.au/cgi-bin/sprat/public/publicspecies.pl?taxon_id=85104,10 to <30%,Mammal,Vulnerable,,"ACT, NSW, Qld"
55742,Plectranthus nitidus,"Nightcap Plectranthus, Silver Plectranthus",http://www.environment.gov.au/cgi-bin/sprat/public/publicspecies.pl?taxon_id=55742,10 to <30%,Plant,Endangered,,"NSW, Qld"
21964,Pomaderris halmaturina subsp. halmaturina,Kangaroo Island Pomaderris,http://www.environment.gov.au/cgi-bin/sprat/public/publicspecies.pl?taxon_id=21964,10 to <30%,Plant,Vulnerable,,"SA, Vic"
2210,Prasophyllum affine,"Jervis Bay Leek Orchid, Culburra Leek-orchid, Kinghorn Point Leek-orchid",http://www.environment.gov.au/cgi-bin/sprat/public/publicspecies.pl?taxon_id=2210,10 to <30%,Plant,Endangered,,NSW
55148,Prasophyllum wallum,Wallum Leek-orchid,http://www.environment.gov.au/cgi-bin/sprat/public/publicspecies.pl?taxon_id=55148,10 to <30%,Plant,Vulnerable,,Qld
11233,Prostanthera cineolifera,,http://www.environment.gov.au/cgi-bin/sprat/public/publicspecies.pl?taxon_id=11233,10 to <30%,Plant,Vulnerable,,NSW
12233,Prostanthera densa,Villous Mintbush,http://www.environment.gov.au/cgi-bin/sprat/public/publicspecies.pl?taxon_id=12233,10 to <30%,Plant,Vulnerable,,NSW
26180,Pseudomugil mellis,Honey Blue-eye,http://www.environment.gov.au/cgi-bin/sprat/public/publicspecies.pl?taxon_id=26180,10 to <30%,Fish,Vulnerable,,Qld
88,Pseudomys fumeus,"Smoky Mouse, Konoom",http://www.environment.gov.au/cgi-bin/sprat/public/publicspecies.pl?taxon_id=88,10 to <30%,Mammal,Endangered,,"ACT, NSW, SA, Vic"
1915,Pseudophryne corroboree,Southern Corroboree Frog,http://www.environment.gov.au/cgi-bin/sprat/public/publicspecies.pl?taxon_id=1915,10 to <30%,Frog,Critically Endangered,,NSW
66670,Pseudophryne pengilleyi,Northern Corroboree Frog,http://www.environment.gov.au/cgi-bin/sprat/public/publicspecies.pl?taxon_id=66670,10 to <30%,Frog,Critically Endangered,,"ACT, NSW"
186,Pteropus poliocephalus,Grey-headed Flying-fox,http://www.environment.gov.au/cgi-bin/sprat/public/publicspecies.pl?taxon_id=186,10 to <30%,Mammal,Vulnerable,,"ACT, NSW, Qld, SA, Vic"
9074,Pterostylis bicornis,,http://www.environment.gov.au/cgi-bin/sprat/public/publicspecies.pl?taxon_id=9074,10 to <30%,Plant,Vulnerable,,"NSW, Qld"
15459,Pterostylis cucullata,Leafy Greenhood,http://www.environment.gov.au/cgi-bin/sprat/public/publicspecies.pl?taxon_id=15459,10 to <30%,Plant,Vulnerable,,"NSW, SA, Tas, Vic"
4562,Pterostylis gibbosa,"Illawarra Greenhood, Rufa Greenhood, Pouched Greenhood",http://www.environment.gov.au/cgi-bin/sprat/public/publicspecies.pl?taxon_id=4562,10 to <30%,Plant,Endangered,,NSW
6448,Pterostylis pulchella,Pretty Greenhood,http://www.environment.gov.au/cgi-bin/sprat/public/publicspecies.pl?taxon_id=6448,10 to <30%,Plant,Vulnerable,,NSW
84711,Pterostylis vernalis,Halbury Rustyhood,http://www.environment.gov.au/cgi-bin/sprat/public/publicspecies.pl?taxon_id=84711,10 to <30%,Plant,Critically Endangered,,NSW
592,Rhipidura rufifrons,Rufous Fantail,http://www.environment.gov.au/cgi-bin/sprat/public/publicspecies.pl?taxon_id=592,10 to <30%,Bird,,Listed,"ACT, NSW, NT, Qld, Vic, WA"
86885,Samadera sp. Moonee Creek (J.King s.n. Nov. 1949),,http://www.environment.gov.au/cgi-bin/sprat/public/publicspecies.pl?taxon_id=86885,10 to <30%,Plant,Endangered,,NSW
12673,Sarcochilus weinthalii,"Blotched Sarcochilus, Weinthals Sarcanth",http://www.environment.gov.au/cgi-bin/sprat/public/publicspecies.pl?taxon_id=12673,10 to <30%,Plant,Vulnerable,,"NSW, Qld"
8836,Sophora fraseri,,http://www.environment.gov.au/cgi-bin/sprat/public/publicspecies.pl?taxon_id=8836,10 to <30%,Plant,Vulnerable,,"NSW, Qld"
21160,Sphenotoma drummondii,Mountain Paper-heath,http://www.environment.gov.au/cgi-bin/sprat/public/publicspecies.pl?taxon_id=21160,10 to <30%,Plant,Endangered,,WA
13771,Spyridium eriocephalum var. glabrisepalum,MacGillivray Spyridium,http://www.environment.gov.au/cgi-bin/sprat/public/publicspecies.pl?taxon_id=13771,10 to <30%,Plant,Vulnerable,,SA
19010,Symplocos baeuerlenii,"Small-leaved Hazelwood, Shrubby Hazelwood",http://www.environment.gov.au/cgi-bin/sprat/public/publicspecies.pl?taxon_id=19010,10 to <30%,Plant,Vulnerable,,"NSW, Qld"
83946,Symposiachrus trivirgatus,Spectacled Monarch,http://www.environment.gov.au/cgi-bin/sprat/public/publicspecies.pl?taxon_id=83946,10 to <30%,Bird,,Listed,"NSW, Qld"
20307,Syzygium paniculatum,"Magenta Lilly Pilly, Magenta Cherry, Daguba, Scrub Cherry, Creek Lilly Pilly, Brush Cherry",http://www.environment.gov.au/cgi-bin/sprat/public/publicspecies.pl?taxon_id=20307,10 to <30%,Plant,Vulnerable,,NSW
21975,Tasmannia glaucifolia,Fragrant Pepperbush,http://www.environment.gov.au/cgi-bin/sprat/public/publicspecies.pl?taxon_id=21975,10 to <30%,Plant,Vulnerable,,NSW
1889,Taudactylus pleione,"Kroombit Tinker Frog, Pleione's Torrent Frog",http://www.environment.gov.au/cgi-bin/sprat/public/publicspecies.pl?taxon_id=1889,10 to <30%,Frog,Critically Endangered,,Qld
25289,Thaumatoperla alpina,Alpine Stonefly,http://www.environment.gov.au/cgi-bin/sprat/public/publicspecies.pl?taxon_id=25289,10 to <30%,Insect,Endangered,,Vic
4168,Thelymitra matthewsii,Spiral Sun-orchid,http://www.environment.gov.au/cgi-bin/sprat/public/publicspecies.pl?taxon_id=4168,10 to <30%,Plant,Vulnerable,,"NSW, SA, Vic"
15202,Thesium australe,"Austral Toadflax, Toadflax",http://www.environment.gov.au/cgi-bin/sprat/public/publicspecies.pl?taxon_id=15202,10 to <30%,Plant,Vulnerable,,"ACT, NSW, Qld, Tas, Vic"
18260,Westringia rupicola,,http://www.environment.gov.au/cgi-bin/sprat/public/publicspecies.pl?taxon_id=18260,10 to <30%,Plant,Vulnerable,,"NSW, Qld"
86071,Wollumbinia belli,"Bell's Turtle, Western Sawshelled Turtle, Namoi River Turtle, Bell's Saw-shelled Turtle",http://www.environment.gov.au/cgi-bin/sprat/public/publicspecies.pl?taxon_id=86071,10 to <30%,Reptile,Vulnerable,,"NSW, Qld"
76215,Xerochrysum palustre,"Swamp Everlasting, Swamp Paper Daisy",http://www.environment.gov.au/cgi-bin/sprat/public/publicspecies.pl?taxon_id=76215,10 to <30%,Plant,Vulnerable,,"NSW, SA, Tas, Vic"
4146,Xerothamnella herbacea,,http://www.environment.gov.au/cgi-bin/sprat/public/publicspecies.pl?taxon_id=4146,10 to <30%,Plant,Endangered,,Qld